epoch,train_loss,val_loss,max_loss,lr
1,2.2403870448470116,1.2688555717468262,1.7305203676223755,0.01
2,0.7439070244630178,1.0675595626235008,1.3030074834823608,0.01
3,0.5353979766368866,0.8219624236226082,1.023268461227417,0.01
4,0.6290668298800787,1.2478082776069641,1.5093824863433838,0.01
5,0.34712081030011177,0.5753107666969299,0.9185890555381775,0.01
6,0.302184837559859,0.2745917160063982,0.4757741689682007,0.01
7,0.305111534272631,0.4526626765727997,0.6970956325531006,0.01
8,0.22672917072971663,0.1224760627374053,0.22259771823883057,0.01
9,0.18808613531291485,0.16025413176976144,0.2996256947517395,0.01
