epoch,train_loss,val_loss,lr
1,0.05447983976159187,0.054668728092854675,0.001
2,0.05425174906126035,0.05489940309163296,0.001
3,0.05416642531506485,0.054816183097886315,0.001
4,0.05421608030660937,0.054520768113434315,0.001
5,0.05413776284987702,0.05439339755949649,0.001
6,0.05416713093627817,0.05485591275448149,0.001
