epoch,train_loss,val_loss,max_loss,lr
1,1.0089639945188966,0.16514108401492952,0.6768525242805481,0.01
