epoch,train_loss,val_loss,max_loss,lr
1,0.1599739290876872,0.06983258425364636,0.31156444549560547,0.01
2,0.06601343226666274,0.049294496881277246,0.18738368153572083,0.01
3,0.06501572283954801,0.047546737174403844,0.1611616611480713,0.01
4,0.06373909546002265,0.05619380929991878,0.14041931927204132,0.01
5,0.06424567992133753,0.05350596253928553,0.12994518876075745,0.01
6,0.0627976631050423,0.04551317491585808,0.13925231993198395,0.01
7,0.06461183158294534,0.064803002780214,0.16688358783721924,0.01
8,0.06444151948124582,0.05916494111671384,0.1439150869846344,0.01
