epoch,train_loss,val_loss,lr
1,3.210698975414192,0.8244857941613053,0.001
