epoch,train_loss,val_loss,lr
1,0.6597552773846709,0.9122317726759948,0.001
2,0.26719248304963883,0.23825440964437733,0.001
3,0.20443816527897984,0.2936720555691525,0.001
4,0.08676053744552589,0.10368850508112779,0.001
5,0.15032758082171488,1.7269124471864035,0.001
6,0.15647262239761148,0.11160126277209484,0.001
7,0.065923642099309,0.07686128489702015,0.001
