epoch,train_loss,val_loss,lr
1,0.03983089974128347,0.16917540364025174,0.001
